Protocollo;Gruppo;DataOraIncidente;Localizzazione1;STRADA1;Localizzazione2;STRADA2;Strada02;Chilometrica;DaSpecificare;NaturaIncidente;particolaritastrade;TipoStrada;FondoStradale;Pavimentazione;Segnaletica;CondizioneAtmosferica;Traffico;Visibilita;Illuminazione;NUM_FERITI;NUM_RISERVATA;NUM_MORTI;NUM_ILLESI;Longitudine;Latitudine;Confermato;Progressivo;TipoVeicolo;StatoVeicolo;TipoPersona;Sesso;Tipolesione;Deceduto;DecedutoDopo;CinturaCascoUtilizzato;Airbag
1754183;19;21/02/2008 10:15;Strada Urbana;VIA MASSIMI;all'intersezione con;VIA DECIO FILIPPONI;VIA DECIO FILIPPONI;;;Scontro frontale/laterale SX fra veicoli in marcia;Incrocio;Una carreggiata a senso unico di marcia;Asciutto;Asfaltata;Verticale ed orizzontale;Nuvoloso;Normale;Buona;Ore Diurne;0;0;0;2;;;-1;2;Autovettura privata;In marcia / fermata / arresto;Conducente;M;Illeso;0;;Non accertato;Inesistente
1754184;19;21/02/2008 11:40;Strada Urbana;VIA LUIGI ARBIB PASCUCCI;all'intersezione con;VIA BERNARDO BARBIELLINI AMIDEI;VIA BERNARDO BARBIELLINI AMIDEI;;;Scontro frontale/laterale SX fra veicoli in marcia;Intersezione non regolata/non segnalata;Una carreggiata a senso unico di marcia;Asciutto;Asfaltata;Verticale ed orizzontale;Nuvoloso;Normale;Buona;Ore Diurne;0;0;0;2;;;-1;1;Autovettura privata;In marcia / fermata / arresto;Conducente;M;Illeso;0;;Utilizzato;Inesistente
1754184;19;21/02/2008 11:40;Strada Urbana;VIA LUIGI ARBIB PASCUCCI;all'intersezione con;VIA BERNARDO BARBIELLINI AMIDEI;VIA BERNARDO BARBIELLINI AMIDEI;;;Scontro frontale/laterale SX fra veicoli in marcia;Intersezione non regolata/non segnalata;Una carreggiata a senso unico di marcia;Asciutto;Asfaltata;Verticale ed orizzontale;Nuvoloso;Normale;Buona;Ore Diurne;0;0;0;2;;;-1;2;Autovettura privata;In marcia / fermata / arresto;Conducente;M;Illeso;0;;Utilizzato;Inesistente
1754185;23;16/02/2008 09:30;Strada Urbana;VIA PINDARO;da specificare;;;;"altezza distibutore "" ESSO""";Scontro frontale/laterale DX fra veicoli in marcia;Rettilineo;Una carreggiata a doppio senso;Asciutto;Asfaltata;Verticale;Sereno;Normale;Buona;Ore Diurne;0;0;0;2;;;-1;1;Autovettura privata;In marcia / fermata / arresto;Conducente;F;Illeso;0;;Utilizzato;Inesploso
1754185;23;16/02/2008 09:30;Strada Urbana;VIA PINDARO;da specificare;;;;"altezza distibutore "" ESSO""";Scontro frontale/laterale DX fra veicoli in marcia;Rettilineo;Una carreggiata a doppio senso;Asciutto;Asfaltata;Verticale;Sereno;Normale;Buona;Ore Diurne;0;0;0;2;;;-1;2;Autovettura privata;In marcia / fermata / arresto;Conducente;M;Illeso;0;;Non accertato;Inesploso
1754186;23;19/02/2008 07:10;Strada Urbana;VIA DI ACILIA;all'intersezione semaforizzata con;VIA CRISTOFORO COLOMBO;VIA CRISTOFORO COLOMBO;;;Tamponamento;Intersezione semaforizzata;Una carreggiata a doppio senso;Asciutto;Asfaltata;Verticale ed orizzontale;Sereno;Intenso;Buona;Ore Diurne;0;0;0;2;;;-1;1;Autovettura privata;In marcia / fermata / arresto;Conducente;F;Illeso;0;;Utilizzato;Inesistente
1754186;23;19/02/2008 07:10;Strada Urbana;VIA DI ACILIA;all'intersezione semaforizzata con;VIA CRISTOFORO COLOMBO;VIA CRISTOFORO COLOMBO;;;Tamponamento;Intersezione semaforizzata;Una carreggiata a doppio senso;Asciutto;Asfaltata;Verticale ed orizzontale;Sereno;Intenso;Buona;Ore Diurne;0;0;0;2;;;-1;2;Autovettura privata;In marcia / fermata / arresto;Conducente;M;Illeso;0;;Utilizzato;Inesistente
1754187;23;20/02/2008 09:40;Strada Urbana;LUNGOTEVERE TOR DI NONA;in corrispondenza;;del civico n. ;3;;Scontro laterale fra veicoli in marcia;Rettilineo;Una carreggiata a senso unico di marcia;Asciutto;Asfaltata;Verticale ed orizzontale;Nuvoloso;Intenso;Buona;Ore Diurne;0;0;0;2;;;-1;1;Autocarro inferiore 35 q.;In marcia / fermata / arresto;Conducente;M;Illeso;0;;Non accertato;Inesploso
1754187;23;20/02/2008 09:40;Strada Urbana;LUNGOTEVERE TOR DI NONA;in corrispondenza;;del civico n. ;3;;Scontro laterale fra veicoli in marcia;Rettilineo;Una carreggiata a senso unico di marcia;Asciutto;Asfaltata;Verticale ed orizzontale;Nuvoloso;Intenso;Buona;Ore Diurne;0;0;0;2;;;-1;2;Autovettura privata;In marcia / fermata / arresto;Conducente;F;Illeso;0;;Utilizzato;Inesploso
1754188;23;20/02/2008 09:40;Strada Urbana;VIA CRISTOFORO COLOMBO;all'intersezione con;VIA RICCARDO BOSCHIERO;VIA RICCARDO BOSCHIERO;;;Scontro frontale/laterale DX fra veicoli in marcia;Intersezione stradale segnalata;Più di due carreggiate;Asciutto;Asfaltata;Verticale ed orizzontale;Nuvoloso;Normale;Buona;Ore Diurne;0;0;0;2;;;-1;1;Autovettura privata;In marcia / fermata / arresto;Conducente;M;Illeso;0;;Utilizzato;Inesistente
1754188;23;20/02/2008 09:40;Strada Urbana;VIA CRISTOFORO COLOMBO;all'intersezione con;VIA RICCARDO BOSCHIERO;VIA RICCARDO BOSCHIERO;;;Scontro frontale/laterale DX fra veicoli in marcia;Intersezione stradale segnalata;Più di due carreggiate;Asciutto;Asfaltata;Verticale ed orizzontale;Nuvoloso;Normale;Buona;Ore Diurne;0;0;0;2;;;-1;2;Autocarro inferiore 35 q.;In marcia / fermata / arresto;Conducente;M;Illeso;0;;Non accertato;Inesistente
1754190;23;21/02/2008 10:25;Strada Urbana;VIA CRISTOFORO COLOMBO;in corrispondenza;;della chilometrica ;26,9;;Scontro frontale/laterale DX fra veicoli in marcia;Rettilineo;Più di due carreggiate;Bagnato (pioggia);Asfaltata;Orizzontale;Pioggia in atto;Normale;Sufficiente;Ore Diurne;0;0;0;5;;;-1;1;Autovettura privata;In marcia / fermata / arresto;Conducente;M;Illeso;0;;Non accertato;Inesistente
1754190;23;21/02/2008 10:25;Strada Urbana;VIA CRISTOFORO COLOMBO;in corrispondenza;;della chilometrica ;26,9;;Scontro frontale/laterale DX fra veicoli in marcia;Rettilineo;Più di due carreggiate;Bagnato (pioggia);Asfaltata;Orizzontale;Pioggia in atto;Normale;Sufficiente;Ore Diurne;0;0;0;5;;;-1;1;Autovettura privata;In marcia / fermata / arresto;Passeggero;M;Illeso;0;;Utilizzato;Inesistente
1754190;23;21/02/2008 10:25;Strada Urbana;VIA CRISTOFORO COLOMBO;in corrispondenza;;della chilometrica ;26,9;;Scontro frontale/laterale DX fra veicoli in marcia;Rettilineo;Più di due carreggiate;Bagnato (pioggia);Asfaltata;Orizzontale;Pioggia in atto;Normale;Sufficiente;Ore Diurne;0;0;0;5;;;-1;2;Autovettura privata;In marcia / fermata / arresto;Conducente;F;Illeso;0;;Utilizzato;Inesistente
1754190;23;21/02/2008 10:25;Strada Urbana;VIA CRISTOFORO COLOMBO;in corrispondenza;;della chilometrica ;26,9;;Scontro frontale/laterale DX fra veicoli in marcia;Rettilineo;Più di due carreggiate;Bagnato (pioggia);Asfaltata;Orizzontale;Pioggia in atto;Normale;Sufficiente;Ore Diurne;0;0;0;5;;;-1;2;Autovettura privata;In marcia / fermata / arresto;Passeggero;M;Illeso;0;;Non accertato;Inesistente
1754190;23;21/02/2008 10:25;Strada Urbana;VIA CRISTOFORO COLOMBO;in corrispondenza;;della chilometrica ;26,9;;Scontro frontale/laterale DX fra veicoli in marcia;Rettilineo;Più di due carreggiate;Bagnato (pioggia);Asfaltata;Orizzontale;Pioggia in atto;Normale;Sufficiente;Ore Diurne;0;0;0;5;;;-1;2;Autovettura privata;In marcia / fermata / arresto;Passeggero;M;Illeso;0;;Non accertato;Inesistente
1754191;23;21/02/2008 16:30;Statale;VIA APPIA NUOVA;in prossimità;;della chilometrica ;16;;Tamponamento;Rettilineo;Più di due carreggiate;Bagnato (pioggia);Asfaltata;Verticale ed orizzontale;Pioggia in atto;Normale;Buona;Ore Diurne;0;0;0;2;;;-1;1;Autovettura privata;In marcia / fermata / arresto;Conducente;M;Illeso;0;;Utilizzato;Inesploso
1754191;23;21/02/2008 16:30;Statale;VIA APPIA NUOVA;in prossimità;;della chilometrica ;16;;Tamponamento;Rettilineo;Più di due carreggiate;Bagnato (pioggia);Asfaltata;Verticale ed orizzontale;Pioggia in atto;Normale;Buona;Ore Diurne;0;0;0;2;;;-1;2;Autovettura privata;In marcia / fermata / arresto;Conducente;M;Illeso;0;;Utilizzato;Inesistente
1754192;23;22/02/2008 08:40;Strada Urbana;VIA PINDARO;in corrispondenza;;del civico n. ;7;;Scontro laterale fra veicoli in marcia;Rettilineo;Una carreggiata a doppio senso;Asciutto;Asfaltata;Verticale ed orizzontale;Sereno;Intenso;Buona;Ore Diurne;0;0;0;2;;;-1;1;Autovettura privata;In marcia / fermata / arresto;Conducente;F;Illeso;0;;Utilizzato;Inesploso
1754192;23;22/02/2008 08:40;Strada Urbana;VIA PINDARO;in corrispondenza;;del civico n. ;7;;Scontro laterale fra veicoli in marcia;Rettilineo;Una carreggiata a doppio senso;Asciutto;Asfaltata;Verticale ed orizzontale;Sereno;Intenso;Buona;Ore Diurne;0;0;0;2;;;-1;2;Autocarro inferiore 35 q.;In marcia / fermata / arresto;Conducente;M;Illeso;0;;Utilizzato;Inesploso
1754193;23;23/02/2008 09:48;Strada Urbana;VIA CRISTOFORO COLOMBO;in prossimità;;di P.le dell'Agricoltura;0;;Investimento di pedone;Rettilineo;Più di due carreggiate;Asciutto;Asfaltata;Verticale ed orizzontale;Sereno;Scarso;Buona;Ore Diurne;1;0;0;1;;;-1;;;;Pedone;M;Ricoverato;0;NON DECEDUTO;;
1754193;23;23/02/2008 09:48;Strada Urbana;VIA CRISTOFORO COLOMBO;in prossimità;;di P.le dell'Agricoltura;0;;Investimento di pedone;Rettilineo;Più di due carreggiate;Asciutto;Asfaltata;Verticale ed orizzontale;Sereno;Scarso;Buona;Ore Diurne;1;0;0;1;;;-1;1;Autovettura privata;In marcia / fermata / arresto;Conducente;M;Illeso;0;;Utilizzato;Inesploso
1754194;23;26/02/2008 14:15;Strada Urbana;VIALE DI TRASTEVERE;all'intersezione con;VIA CARLO PORTA;VIA CARLO PORTA;;;Scontro frontale/laterale SX fra veicoli in marcia;Intersezione semaforizzata;Una carreggiata a doppio senso;Asciutto;Asfaltata;Verticale ed orizzontale;Sereno;Normale;Buona;Ore Diurne;0;0;0;2;;;-1;1;Autovettura privata;In marcia / fermata / arresto;Conducente;F;Illeso;0;;Non accertato;Inesploso
1754194;23;26/02/2008 14:15;Strada Urbana;VIALE DI TRASTEVERE;all'intersezione con;VIA CARLO PORTA;VIA CARLO PORTA;;;Scontro frontale/laterale SX fra veicoli in marcia;Intersezione semaforizzata;Una carreggiata a doppio senso;Asciutto;Asfaltata;Verticale ed orizzontale;Sereno;Normale;Buona;Ore Diurne;0;0;0;2;;;-1;2;Autovettura privata;In marcia / fermata / arresto;Conducente;F;Illeso;0;;Utilizzato;Inesploso
1754195;23;26/02/2008 15:15;Strada Urbana;VIA CRISTOFORO COLOMBO;in corrispondenza;;della chilometrica ;14,8;;Tamponamento;Rettilineo;Più di due carreggiate;Asciutto;Asfaltata;Verticale ed orizzontale;Sereno;Scarso;Buona;Ore Diurne;1;0;0;2;;;-1;1;Motociclo a solo;In marcia / fermata / arresto;Conducente;M;Rimandato;0;NON DECEDUTO;Utilizzato;Inesistente
1754195;23;26/02/2008 15:15;Strada Urbana;VIA CRISTOFORO COLOMBO;in corrispondenza;;della chilometrica ;14,8;;Tamponamento;Rettilineo;Più di due carreggiate;Asciutto;Asfaltata;Verticale ed orizzontale;Sereno;Scarso;Buona;Ore Diurne;1;0;0;2;;;-1;2;Autocarro superiore 35 q.;In marcia / fermata / arresto;Conducente;M;Illeso;0;;Utilizzato;Inesploso
1754195;23;26/02/2008 15:15;Strada Urbana;VIA CRISTOFORO COLOMBO;in corrispondenza;;della chilometrica ;14,8;;Tamponamento;Rettilineo;Più di due carreggiate;Asciutto;Asfaltata;Verticale ed orizzontale;Sereno;Scarso;Buona;Ore Diurne;1;0;0;2;;;-1;2;Autocarro superiore 35 q.;In marcia / fermata / arresto;Passeggero;M;Illeso;0;;Non accertato;Inesistente
1754196;23;27/02/2008 07:50;Strada Urbana;VIA CRISTOFORO COLOMBO;in prossimità;;della chilometrica ;15,2;;Scontro frontale/laterale DX fra veicoli in marcia;Rettilineo;Una carreggiata a senso unico di marcia;Bagnato (pioggia);Asfaltata;Verticale ed orizzontale;Pioggia in atto;Intenso;Buona;Ore Diurne;1;0;0;1;;;-1;1;Autovettura privata;In marcia / fermata / arresto;Conducente;F;Rimandato;0;NON DECEDUTO;Utilizzato;Inesistente
1754196;23;27/02/2008 07:50;Strada Urbana;VIA CRISTOFORO COLOMBO;in prossimità;;della chilometrica ;15,2;;Scontro frontale/laterale DX fra veicoli in marcia;Rettilineo;Una carreggiata a senso unico di marcia;Bagnato (pioggia);Asfaltata;Verticale ed orizzontale;Pioggia in atto;Intenso;Buona;Ore Diurne;1;0;0;1;;;-1;2;Autovettura privata;In marcia / fermata / arresto;Conducente;M;Illeso;0;;Utilizzato;Inesploso
1754197;23;27/02/2008 09:00;Strada Urbana;VIA DI MALAFEDE;da specificare;;;;"ALTEZZA CAMPING "" FABOLUS""";Infortunio per sola frenata improvvisa;Rettilineo;Una carreggiata a doppio senso;Asciutto;Asfaltata;Orizzontale;Sereno;Normale;Buona;Ore Diurne;1;0;0;2;;;-1;1;Motociclo a solo;In marcia / fermata / arresto;Conducente;M;Rimandato;0;NON DECEDUTO;Utilizzato;Inesistente
1754197;23;27/02/2008 09:00;Strada Urbana;VIA DI MALAFEDE;da specificare;;;;"ALTEZZA CAMPING "" FABOLUS""";Infortunio per sola frenata improvvisa;Rettilineo;Una carreggiata a doppio senso;Asciutto;Asfaltata;Orizzontale;Sereno;Normale;Buona;Ore Diurne;1;0;0;2;;;-1;2;Autovettura privata;In marcia / fermata / arresto;Conducente;M;Illeso;0;;Non accertato;Inesploso
1754197;23;27/02/2008 09:00;Strada Urbana;VIA DI MALAFEDE;da specificare;;;;"ALTEZZA CAMPING "" FABOLUS""";Infortunio per sola frenata improvvisa;Rettilineo;Una carreggiata a doppio senso;Asciutto;Asfaltata;Orizzontale;Sereno;Normale;Buona;Ore Diurne;1;0;0;2;;;-1;2;Autovettura privata;In marcia / fermata / arresto;Passeggero;F;Illeso;0;;Non accertato;Inesploso
1754198;23;29/02/2008 07:20;Strada Urbana;VIA CRISTOFORO COLOMBO;all'intersezione semaforizzata con;VIA LIDO DI CASTEL PORZIANO;VIA LIDO DI CASTEL PORZIANO;;;Scontro frontale/laterale DX fra veicoli in marcia;Intersezione semaforizzata;Più di due carreggiate;Asciutto;Asfaltata;Verticale ed orizzontale;Nuvoloso;Normale;Buona;Ore Diurne;0;0;0;3;;;-1;1;Autovettura privata;In marcia / fermata / arresto;Conducente;M;Illeso;0;;Utilizzato;Inesploso
1754198;23;29/02/2008 07:20;Strada Urbana;VIA CRISTOFORO COLOMBO;all'intersezione semaforizzata con;VIA LIDO DI CASTEL PORZIANO;VIA LIDO DI CASTEL PORZIANO;;;Scontro frontale/laterale DX fra veicoli in marcia;Intersezione semaforizzata;Più di due carreggiate;Asciutto;Asfaltata;Verticale ed orizzontale;Nuvoloso;Normale;Buona;Ore Diurne;0;0;0;3;;;-1;1;Autovettura privata;In marcia / fermata / arresto;Passeggero;F;Illeso;0;;Non accertato;Inesploso
1754198;23;29/02/2008 07:20;Strada Urbana;VIA CRISTOFORO COLOMBO;all'intersezione semaforizzata con;VIA LIDO DI CASTEL PORZIANO;VIA LIDO DI CASTEL PORZIANO;;;Scontro frontale/laterale DX fra veicoli in marcia;Intersezione semaforizzata;Più di due carreggiate;Asciutto;Asfaltata;Verticale ed orizzontale;Nuvoloso;Normale;Buona;Ore Diurne;0;0;0;3;;;-1;2;Autocarro inferiore 35 q.;In marcia / fermata / arresto;Conducente;M;Illeso;0;;Utilizzato;Inesistente
1754199;23;29/02/2008 07:20;Strada Urbana;PONTE GARIBALDI;all'intersezione semaforizzata con;LUNGOTEVERE DEI VALLATI;LUNGOTEVERE DEI VALLATI;;;Tamponamento;Intersezione semaforizzata;Una carreggiata a senso unico di marcia;Asciutto;Asfaltata;Verticale ed orizzontale;Sereno;Intenso;Buona;Ore Diurne;1;0;0;0;;;-1;1;Velocipede;In marcia / fermata / arresto;Conducente;F;Rimandato;0;NON DECEDUTO;Non accertato;Inesistente
1754206;1;22/02/2008 07:20;Strada Urbana;VIA LIGURIA;in corrispondenza;;del civico n. ;22;;Tamponamento;Rettilineo;Una carreggiata a senso unico di marcia;Asciutto;Asfaltata;Verticale ed orizzontale;Sereno;Normale;Buona;Ore Diurne;1;0;0;1;;;-1;1;Autovettura privata;In marcia / fermata / arresto;Conducente;M;Rifiuta cure immediate;0;NON DECEDUTO;Utilizzato;Inesploso
1754206;1;22/02/2008 07:20;Strada Urbana;VIA LIGURIA;in corrispondenza;;del civico n. ;22;;Tamponamento;Rettilineo;Una carreggiata a senso unico di marcia;Asciutto;Asfaltata;Verticale ed orizzontale;Sereno;Normale;Buona;Ore Diurne;1;0;0;1;;;-1;2;Autocarro inferiore 35 q.;In marcia / fermata / arresto;Conducente;M;Illeso;0;;Utilizzato;Inesistente
1754207;1;22/02/2008 11:50;Strada Urbana;VIA DEL TRITONE;in prossimità;;del civico n. ;169;;Investimento di pedone;Rettilineo;Una carreggiata a doppio senso;Asciutto;Asfaltata;Orizzontale;Sereno;Normale;Buona;Ore Diurne;1;0;0;1;;;-1;;;;Pedone;M;Rimandato;0;NON DECEDUTO;;
1754207;1;22/02/2008 11:50;Strada Urbana;VIA DEL TRITONE;in prossimità;;del civico n. ;169;;Investimento di pedone;Rettilineo;Una carreggiata a doppio senso;Asciutto;Asfaltata;Orizzontale;Sereno;Normale;Buona;Ore Diurne;1;0;0;1;;;-1;1;Motociclo a solo;In marcia / fermata / arresto;Conducente;M;Illeso;0;;Non accertato;Inesistente
1754208;1;22/02/2008 13:30;Strada Urbana;VIA DEL PLEBISCITO;in prossimità;;del civico n. ;101A;;Investimento di pedone;Rettilineo;Una carreggiata a senso unico di marcia;Asciutto;Asfaltata;Verticale ed orizzontale;Sereno;Normale;Buona;Ore Diurne;1;0;0;2;;;-1;;;;Pedone;M;Rifiuta cure immediate;0;NON DECEDUTO;;
1754208;1;22/02/2008 13:30;Strada Urbana;VIA DEL PLEBISCITO;in prossimità;;del civico n. ;101A;;Investimento di pedone;Rettilineo;Una carreggiata a senso unico di marcia;Asciutto;Asfaltata;Verticale ed orizzontale;Sereno;Normale;Buona;Ore Diurne;1;0;0;2;;;-1;1;Autovettura privata;In marcia / fermata / arresto;Conducente;M;Illeso;0;;Non accertato;Inesistente
1754208;1;22/02/2008 13:30;Strada Urbana;VIA DEL PLEBISCITO;in prossimità;;del civico n. ;101A;;Investimento di pedone;Rettilineo;Una carreggiata a senso unico di marcia;Asciutto;Asfaltata;Verticale ed orizzontale;Sereno;Normale;Buona;Ore Diurne;1;0;0;2;;;-1;2;Motociclo a solo;In marcia / fermata / arresto;Conducente;M;Illeso;0;;Non accertato;Inesistente
1754209;1;22/02/2008 18:20;Strada Urbana;PIAZZALE UGO LA MALFA;all'intersezione con;VIA DEL CIRCO MASSIMO;VIA DEL CIRCO MASSIMO;;;Investimento di pedone;Intersezione non regolata/non segnalata;Due carreggiate;Asciutto;Asfaltata;Verticale ed orizzontale;Sereno;Normale;Buona;Sufficiente;1;0;0;1;;;-1;;;;Pedone;M;Rimandato;0;NON DECEDUTO;;
1754209;1;22/02/2008 18:20;Strada Urbana;PIAZZALE UGO LA MALFA;all'intersezione con;VIA DEL CIRCO MASSIMO;VIA DEL CIRCO MASSIMO;;;Investimento di pedone;Intersezione non regolata/non segnalata;Due carreggiate;Asciutto;Asfaltata;Verticale ed orizzontale;Sereno;Normale;Buona;Sufficiente;1;0;0;1;;;-1;1;Motociclo a solo;In marcia / fermata / arresto;Conducente;M;Illeso;0;;Non accertato;Inesistente
1754210;1;23/02/2008 01:40;Strada Urbana;PIAZZA DI PORTA CAPENA;all'intersezione semaforizzata con;VIA DEI CERCHI;VIA DEI CERCHI;;;Scontro frontale/laterale SX fra veicoli in marcia;Intersezione semaforizzata;Più di due carreggiate;Asciutto;Asfaltata;Verticale ed orizzontale;Sereno;Scarso;Sufficiente;Sufficiente;4;0;0;0;;;-1;1;Autovettura privata;In marcia / fermata / arresto;Conducente;F;Ricoverato;0;NON DECEDUTO;Non accertato;Inesistente
1754210;1;23/02/2008 01:40;Strada Urbana;PIAZZA DI PORTA CAPENA;all'intersezione semaforizzata con;VIA DEI CERCHI;VIA DEI CERCHI;;;Scontro frontale/laterale SX fra veicoli in marcia;Intersezione semaforizzata;Più di due carreggiate;Asciutto;Asfaltata;Verticale ed orizzontale;Sereno;Scarso;Sufficiente;Sufficiente;4;0;0;0;;;-1;1;Autovettura privata;In marcia / fermata / arresto;Passeggero;F;Ricoverato;0;NON DECEDUTO;Non accertato;Inesistente
1754210;1;23/02/2008 01:40;Strada Urbana;PIAZZA DI PORTA CAPENA;all'intersezione semaforizzata con;VIA DEI CERCHI;VIA DEI CERCHI;;;Scontro frontale/laterale SX fra veicoli in marcia;Intersezione semaforizzata;Più di due carreggiate;Asciutto;Asfaltata;Verticale ed orizzontale;Sereno;Scarso;Sufficiente;Sufficiente;4;0;0;0;;;-1;1;Autovettura privata;In marcia / fermata / arresto;Passeggero;F;Rimandato;0;NON DECEDUTO;Non accertato;Inesistente
1754210;1;23/02/2008 01:40;Strada Urbana;PIAZZA DI PORTA CAPENA;all'intersezione semaforizzata con;VIA DEI CERCHI;VIA DEI CERCHI;;;Scontro frontale/laterale SX fra veicoli in marcia;Intersezione semaforizzata;Più di due carreggiate;Asciutto;Asfaltata;Verticale ed orizzontale;Sereno;Scarso;Sufficiente;Sufficiente;4;0;0;0;;;-1;2;Autovettura privata;In marcia / fermata / arresto;Conducente;M;Rimandato;0;NON DECEDUTO;Non accertato;Inesistente
1754211;1;23/02/2008 02:30;Strada Urbana;VIALE AVENTINO;da specificare;;;;altezza VIA LICINIA;Veicolo in marcia contro veicolo fermo;Rettilineo;Più di due carreggiate;Asciutto;Acciotolata;Orizzontale;Sereno;Scarso;Buona;Sufficiente;1;0;0;2;;;-1;1;Autovettura privata;In marcia / fermata / arresto;Conducente;M;Illeso;0;;Non accertato;Inesistente
1754211;1;23/02/2008 02:30;Strada Urbana;VIALE AVENTINO;da specificare;;;;altezza VIA LICINIA;Veicolo in marcia contro veicolo fermo;Rettilineo;Più di due carreggiate;Asciutto;Acciotolata;Orizzontale;Sereno;Scarso;Buona;Sufficiente;1;0;0;2;;;-1;1;Autovettura privata;In marcia / fermata / arresto;Passeggero;M;Illeso;0;;Non accertato;Inesistente
1754211;1;23/02/2008 02:30;Strada Urbana;VIALE AVENTINO;da specificare;;;;altezza VIA LICINIA;Veicolo in marcia contro veicolo fermo;Rettilineo;Più di due carreggiate;Asciutto;Acciotolata;Orizzontale;Sereno;Scarso;Buona;Sufficiente;1;0;0;2;;;-1;2;Veicolo speciale;In marcia / fermata / arresto;Conducente;F;Rimandato;0;NON DECEDUTO;Non utilizzato;Inesistente
1754212;1;23/02/2008 04:30;Strada Urbana;VIA DEL CIRCO MASSIMO;in prossimità;;del palo luce n. ;12;;Veicolo in marcia contro veicolo in sosta;Rettilineo;Una carreggiata a doppio senso;Asciutto;Asfaltata;Verticale ed orizzontale;Sereno;Scarso;Buona;Sufficiente;0;0;0;1;;;-1;2;Autovettura privata;In marcia / fermata / arresto;Conducente;M;Illeso;0;;Non accertato;Inesploso
1754213;1;23/02/2008 09:35;Strada Urbana;VIA LUIGI PETROSELLI;all'intersezione semaforizzata con;VIA DEL FORO OLITORIO;VIA DEL FORO OLITORIO;;;Investimento di pedone;Intersezione semaforizzata;Una carreggiata a doppio senso;Asciutto;Acciotolata;Verticale ed orizzontale;Sereno;Intenso;Buona;Ore Diurne;0;1;0;2;;;-1;;;;Pedone;F;Prognosi riservata;0;NON DECEDUTO;;
1754213;1;23/02/2008 09:35;Strada Urbana;VIA LUIGI PETROSELLI;all'intersezione semaforizzata con;VIA DEL FORO OLITORIO;VIA DEL FORO OLITORIO;;;Investimento di pedone;Intersezione semaforizzata;Una carreggiata a doppio senso;Asciutto;Acciotolata;Verticale ed orizzontale;Sereno;Intenso;Buona;Ore Diurne;0;1;0;2;;;-1;1;Motociclo a solo;In marcia / fermata / arresto;Conducente;M;Illeso;0;;Non accertato;Inesistente
1754213;1;23/02/2008 09:35;Strada Urbana;VIA LUIGI PETROSELLI;all'intersezione semaforizzata con;VIA DEL FORO OLITORIO;VIA DEL FORO OLITORIO;;;Investimento di pedone;Intersezione semaforizzata;Una carreggiata a doppio senso;Asciutto;Acciotolata;Verticale ed orizzontale;Sereno;Intenso;Buona;Ore Diurne;0;1;0;2;;;-1;1;Motociclo a solo;In marcia / fermata / arresto;Passeggero;F;Illeso;0;;Non accertato;Inesistente
1754215;1;22/02/2008 19:30;Strada Urbana;VIA PALESTRO;all'intersezione con;VIA VICENZA;VIA VICENZA;;;Scontro frontale/laterale SX fra veicoli in marcia;Incrocio;Una carreggiata a senso unico di marcia;Asciutto;Asfaltata;Verticale ed orizzontale;Sereno;Normale;Buona;Sufficiente;0;0;0;2;;;-1;1;Autovettura privata;In marcia / fermata / arresto;Conducente;M;Illeso;0;;Non accertato;Inesistente
1754215;1;22/02/2008 19:30;Strada Urbana;VIA PALESTRO;all'intersezione con;VIA VICENZA;VIA VICENZA;;;Scontro frontale/laterale SX fra veicoli in marcia;Incrocio;Una carreggiata a senso unico di marcia;Asciutto;Asfaltata;Verticale ed orizzontale;Sereno;Normale;Buona;Sufficiente;0;0;0;2;;;-1;2;Autovettura privata;In marcia / fermata / arresto;Conducente;M;Illeso;0;;Non accertato;Inesistente
1754216;1;22/02/2008 20:05;Strada Urbana;VIA DANIELE MANIN;all'intersezione con;VIA PRINCIPE AMEDEO;VIA PRINCIPE AMEDEO;;;Scontro frontale/laterale SX fra veicoli in marcia;Incrocio;Una carreggiata a senso unico di marcia;Asciutto;Asfaltata;Verticale;Sereno;Scarso;Buona;Sufficiente;0;0;0;4;;;-1;1;Autovettura privata;In marcia / fermata / arresto;Conducente;F;Illeso;0;;Utilizzato;Inesploso
1754216;1;22/02/2008 20:05;Strada Urbana;VIA DANIELE MANIN;all'intersezione con;VIA PRINCIPE AMEDEO;VIA PRINCIPE AMEDEO;;;Scontro frontale/laterale SX fra veicoli in marcia;Incrocio;Una carreggiata a senso unico di marcia;Asciutto;Asfaltata;Verticale;Sereno;Scarso;Buona;Sufficiente;0;0;0;4;;;-1;1;Autovettura privata;In marcia / fermata / arresto;Passeggero;F;Illeso;0;;Utilizzato;Inesploso
1754216;1;22/02/2008 20:05;Strada Urbana;VIA DANIELE MANIN;all'intersezione con;VIA PRINCIPE AMEDEO;VIA PRINCIPE AMEDEO;;;Scontro frontale/laterale SX fra veicoli in marcia;Incrocio;Una carreggiata a senso unico di marcia;Asciutto;Asfaltata;Verticale;Sereno;Scarso;Buona;Sufficiente;0;0;0;4;;;-1;2;Autovettura privata;In marcia / fermata / arresto;Conducente;M;Illeso;0;;Utilizzato;Inesploso
1754216;1;22/02/2008 20:05;Strada Urbana;VIA DANIELE MANIN;all'intersezione con;VIA PRINCIPE AMEDEO;VIA PRINCIPE AMEDEO;;;Scontro frontale/laterale SX fra veicoli in marcia;Incrocio;Una carreggiata a senso unico di marcia;Asciutto;Asfaltata;Verticale;Sereno;Scarso;Buona;Sufficiente;0;0;0;4;;;-1;2;Autovettura privata;In marcia / fermata / arresto;Passeggero;F;Illeso;0;;Utilizzato;Inesploso