Protocollo;Gruppo;DataOraIncidente;Localizzazione1;STRADA1;Localizzazione2;STRADA2;Strada02;Chilometrica;DaSpecificare;NaturaIncidente;particolaritastrade;TipoStrada;FondoStradale;Pavimentazione;Segnaletica;CondizioneAtmosferica;Traffico;Visibilita;Illuminazione;NUM_FERITI;NUM_RISERVATA;NUM_MORTI;NUM_ILLESI;Longitudine;Latitudine;Confermato;Progressivo;TipoVeicolo;StatoVeicolo;TipoPersona;Sesso;Tipolesione;Deceduto;DecedutoDopo;CinturaCascoUtilizzato;Airbag
1756918;19;22/02/2008 19:58;Strada Urbana;VIA FRANCESCO MARCONI;all'intersezione con;VIA SUOR CELESTINA DONATI;VIA SUOR CELESTINA DONATI;;;Investimento di pedone;Intersezione non regolata/non segnalata;Una carreggiata a senso unico di marcia;Asciutto;Asfaltata;Orizzontale;Sereno;Scarso;Sufficiente;Sufficiente;1;0;0;1;;;-1;1;Autovettura privata;In marcia / fermata / arresto;Conducente;M;Illeso;0;;Non accertato;Inesistente
1756919;19;23/02/2008 11:55;Strada Urbana;VIA TRIONFALE;in prossimità;;del civico n. ;12000;;Scontro laterale fra veicoli in marcia;Rettilineo;Due carreggiate;Asciutto;Asfaltata;Orizzontale;Sereno;Normale;Buona;Ore Diurne;0;0;0;4;;;-1;1;Autobus di linea;In marcia / fermata / arresto;Conducente;M;Illeso;0;;Non accertato;Inesistente
1756919;19;23/02/2008 11:55;Strada Urbana;VIA TRIONFALE;in prossimità;;del civico n. ;12000;;Scontro laterale fra veicoli in marcia;Rettilineo;Due carreggiate;Asciutto;Asfaltata;Orizzontale;Sereno;Normale;Buona;Ore Diurne;0;0;0;4;;;-1;2;Autovettura privata;In marcia / fermata / arresto;Conducente;F;Illeso;0;;Non accertato;Inesistente
1756919;19;23/02/2008 11:55;Strada Urbana;VIA TRIONFALE;in prossimità;;del civico n. ;12000;;Scontro laterale fra veicoli in marcia;Rettilineo;Due carreggiate;Asciutto;Asfaltata;Orizzontale;Sereno;Normale;Buona;Ore Diurne;0;0;0;4;;;-1;2;Autovettura privata;In marcia / fermata / arresto;Passeggero;F;Illeso;0;;Non accertato;Inesistente
1756919;19;23/02/2008 11:55;Strada Urbana;VIA TRIONFALE;in prossimità;;del civico n. ;12000;;Scontro laterale fra veicoli in marcia;Rettilineo;Due carreggiate;Asciutto;Asfaltata;Orizzontale;Sereno;Normale;Buona;Ore Diurne;0;0;0;4;;;-1;2;Autovettura privata;In marcia / fermata / arresto;Passeggero;M;Illeso;0;;Non accertato;Inesistente
1756920;19;23/02/2008 13:30;Strada Urbana;VIA DI S. CLETO PAPA;all'intersezione con;VIA ALESSANDRO VII;VIA ALESSANDRO VII;;;Scontro frontale/laterale SX fra veicoli in marcia;Incrocio;Una carreggiata a doppio senso;Asciutto;Asfaltata;Orizzontale;Sereno;Normale;Sufficiente;Ore Diurne;0;0;0;2;;;-1;1;Autovettura privata;In marcia / fermata / arresto;Conducente;M;Illeso;0;;Non accertato;Inesistente
1756920;19;23/02/2008 13:30;Strada Urbana;VIA DI S. CLETO PAPA;all'intersezione con;VIA ALESSANDRO VII;VIA ALESSANDRO VII;;;Scontro frontale/laterale SX fra veicoli in marcia;Incrocio;Una carreggiata a doppio senso;Asciutto;Asfaltata;Orizzontale;Sereno;Normale;Sufficiente;Ore Diurne;0;0;0;2;;;-1;2;Motociclo a solo;In marcia / fermata / arresto;Conducente;M;Illeso;0;;Non accertato;Inesistente
1756921;19;23/02/2008 16:10;Strada Urbana;VIA ALBERTO CADLOLO;all'intersezione con;VIA CARLO EVANGELISTI;VIA CARLO EVANGELISTI;;;Scontro laterale fra veicoli in marcia;Incrocio;Una carreggiata a doppio senso;Asciutto;Asfaltata;Verticale;Sereno;Normale;Buona;Ore Diurne;1;0;0;2;;;-1;1;Autovettura privata;In marcia / fermata / arresto;Conducente;M;Illeso;0;;Non accertato;Inesistente
1756921;19;23/02/2008 16:10;Strada Urbana;VIA ALBERTO CADLOLO;all'intersezione con;VIA CARLO EVANGELISTI;VIA CARLO EVANGELISTI;;;Scontro laterale fra veicoli in marcia;Incrocio;Una carreggiata a doppio senso;Asciutto;Asfaltata;Verticale;Sereno;Normale;Buona;Ore Diurne;1;0;0;2;;;-1;2;Autovettura privata;In marcia / fermata / arresto;Conducente;M;Illeso;0;;Non accertato;Inesistente
1756921;19;23/02/2008 16:10;Strada Urbana;VIA ALBERTO CADLOLO;all'intersezione con;VIA CARLO EVANGELISTI;VIA CARLO EVANGELISTI;;;Scontro laterale fra veicoli in marcia;Incrocio;Una carreggiata a doppio senso;Asciutto;Asfaltata;Verticale;Sereno;Normale;Buona;Ore Diurne;1;0;0;2;;;-1;2;Autovettura privata;In marcia / fermata / arresto;Passeggero;M;Rimandato;0;NON DECEDUTO;Non accertato;Inesistente
1756923;19;24/02/2008 17:00;Comunale extraurbana;VIA DI S. MARIA DI GALERIA;in prossimità;;del civico n. ;362;;Tamponamento;Rettilineo;Una carreggiata a doppio senso;Asciutto;Asfaltata;Assente;Sereno;Normale;Buona;Ore Diurne;2;0;0;2;;;-1;1;Autovettura privata;In marcia / fermata / arresto;Conducente;M;Illeso;0;;Non accertato;Inesistente
1756923;19;24/02/2008 17:00;Comunale extraurbana;VIA DI S. MARIA DI GALERIA;in prossimità;;del civico n. ;362;;Tamponamento;Rettilineo;Una carreggiata a doppio senso;Asciutto;Asfaltata;Assente;Sereno;Normale;Buona;Ore Diurne;2;0;0;2;;;-1;1;Autovettura privata;In marcia / fermata / arresto;Passeggero;M;Illeso;0;;Non accertato;Inesistente
1756923;19;24/02/2008 17:00;Comunale extraurbana;VIA DI S. MARIA DI GALERIA;in prossimità;;del civico n. ;362;;Tamponamento;Rettilineo;Una carreggiata a doppio senso;Asciutto;Asfaltata;Assente;Sereno;Normale;Buona;Ore Diurne;2;0;0;2;;;-1;2;Motociclo con passeggero;In marcia / fermata / arresto;Conducente;M;Rimandato;0;NON DECEDUTO;Non accertato;Inesistente
1756923;19;24/02/2008 17:00;Comunale extraurbana;VIA DI S. MARIA DI GALERIA;in prossimità;;del civico n. ;362;;Tamponamento;Rettilineo;Una carreggiata a doppio senso;Asciutto;Asfaltata;Assente;Sereno;Normale;Buona;Ore Diurne;2;0;0;2;;;-1;2;Motociclo con passeggero;In marcia / fermata / arresto;Passeggero;F;Rimandato;0;NON DECEDUTO;Non accertato;Inesistente
1756924;19;25/02/2008 00:10;Strada Urbana;VIA CESARE LOMBROSO;in prossimità;;del civico n. ;120;;Veicolo in marcia contro veicolo in sosta;Rettilineo;Una carreggiata a senso unico di marcia;Asciutto;Asfaltata;Assente;Sereno;Scarso;Buona;Sufficiente;0;0;0;1;;;-1;1;Autovettura privata;In marcia / fermata / arresto;Conducente;M;Illeso;0;;Non accertato;Inesistente
1756925;19;25/02/2008 05:45;Comunale extraurbana;VIA DI S. MARIA DI GALERIA;in prossimità;;del civico n. ;472;;Veicolo in marcia contro veicolo fermo;Rettilineo;Una carreggiata a doppio senso;Asciutto;Asfaltata;Assente;Sereno;Scarso;Buona;Ore Diurne;0;0;0;1;;;-1;1;Autovettura privata;In marcia / fermata / arresto;Conducente;M;Illeso;0;;Non accertato;Inesistente
1756926;19;25/02/2008 10:50;Strada Urbana;VIA COGOLETO;all'intersezione con;VIA LARDARIA;VIA LARDARIA;;;Scontro laterale fra veicoli in marcia;Incrocio;Una carreggiata a doppio senso;Asciutto;Asfaltata;Orizzontale;Sereno;Normale;Buona;Ore Diurne;1;0;0;1;;;-1;1;Autovettura privata;In marcia / fermata / arresto;Conducente;M;Illeso;0;;Non accertato;Inesistente
1756926;19;25/02/2008 10:50;Strada Urbana;VIA COGOLETO;all'intersezione con;VIA LARDARIA;VIA LARDARIA;;;Scontro laterale fra veicoli in marcia;Incrocio;Una carreggiata a doppio senso;Asciutto;Asfaltata;Orizzontale;Sereno;Normale;Buona;Ore Diurne;1;0;0;1;;;-1;2;Motociclo a solo;In marcia / fermata / arresto;Conducente;M;Rimandato;0;NON DECEDUTO;Non accertato;Inesistente
1756927;19;25/02/2008 11:15;Strada Urbana;VIA VALLEBONA;in corrispondenza;;del civico n. ;2;;Veicolo in marcia contro veicolo fermo;Rettilineo;Una carreggiata a senso unico di marcia;Asciutto;Asfaltata;Verticale ed orizzontale;Nuvoloso;Scarso;Buona;Ore Diurne;0;0;0;2;;;-1;1;Autovettura privata;Sosta;Passeggero;F;Illeso;0;;Utilizzato;Inesistente
1756927;19;25/02/2008 11:15;Strada Urbana;VIA VALLEBONA;in corrispondenza;;del civico n. ;2;;Veicolo in marcia contro veicolo fermo;Rettilineo;Una carreggiata a senso unico di marcia;Asciutto;Asfaltata;Verticale ed orizzontale;Nuvoloso;Scarso;Buona;Ore Diurne;0;0;0;2;;;-1;2;Autovettura privata;In marcia / fermata / arresto;Conducente;M;Illeso;0;;Utilizzato;Inesistente
1756928;19;25/02/2008 13:20;Strada Urbana;VIA DI SELVA NERA;in corrispondenza;;del civico n. ;200;;Scontro frontale fra veicoli in marcia;Rettilineo;Una carreggiata a doppio senso;Asciutto;Asfaltata;Verticale ed orizzontale;Sereno;Normale;Buona;Ore Diurne;2;0;0;2;;;-1;1;Autovettura privata;In marcia / fermata / arresto;Conducente;M;Rimandato;0;NON DECEDUTO;Utilizzato;Esploso
1756928;19;25/02/2008 13:20;Strada Urbana;VIA DI SELVA NERA;in corrispondenza;;del civico n. ;200;;Scontro frontale fra veicoli in marcia;Rettilineo;Una carreggiata a doppio senso;Asciutto;Asfaltata;Verticale ed orizzontale;Sereno;Normale;Buona;Ore Diurne;2;0;0;2;;;-1;1;Autovettura privata;In marcia / fermata / arresto;Passeggero;F;Ricoverato;0;NON DECEDUTO;Utilizzato;Esploso
1756928;19;25/02/2008 13:20;Strada Urbana;VIA DI SELVA NERA;in corrispondenza;;del civico n. ;200;;Scontro frontale fra veicoli in marcia;Rettilineo;Una carreggiata a doppio senso;Asciutto;Asfaltata;Verticale ed orizzontale;Sereno;Normale;Buona;Ore Diurne;2;0;0;2;;;-1;2;Autovettura privata;In marcia / fermata / arresto;Conducente;M;Illeso;0;;Utilizzato;Inesistente
1756928;19;25/02/2008 13:20;Strada Urbana;VIA DI SELVA NERA;in corrispondenza;;del civico n. ;200;;Scontro frontale fra veicoli in marcia;Rettilineo;Una carreggiata a doppio senso;Asciutto;Asfaltata;Verticale ed orizzontale;Sereno;Normale;Buona;Ore Diurne;2;0;0;2;;;-1;3;Autovettura privata;In marcia / fermata / arresto;Conducente;M;Illeso;0;;Utilizzato;Inesploso
1756929;19;25/02/2008 15:05;Strada Urbana;VIA TOMMASO ZIGLIARA;all'intersezione con;VIA COGOLETO;VIA COGOLETO;;;Veicolo in marcia contro veicolo arresto;Incrocio;Una carreggiata a senso unico di marcia;Asciutto;Asfaltata;Verticale ed orizzontale;Sereno;Scarso;Buona;Ore Diurne;0;0;0;2;;;-1;1;Autovettura privata;In marcia / fermata / arresto;Conducente;M;Illeso;0;;Non accertato;Inesistente
1756929;19;25/02/2008 15:05;Strada Urbana;VIA TOMMASO ZIGLIARA;all'intersezione con;VIA COGOLETO;VIA COGOLETO;;;Veicolo in marcia contro veicolo arresto;Incrocio;Una carreggiata a senso unico di marcia;Asciutto;Asfaltata;Verticale ed orizzontale;Sereno;Scarso;Buona;Ore Diurne;0;0;0;2;;;-1;2;Autovettura privata;In marcia / fermata / arresto;Conducente;M;Illeso;0;;Utilizzato;Inesistente
1756930;19;25/02/2008 18:10;Strada Urbana;VIA PIETRO MAFFI;all'intersezione con;VIA MARCELLO PROVENZALE;VIA MARCELLO PROVENZALE;;;Veicolo in marcia contro ostacolo accidentale;Incrocio;Una carreggiata a senso unico di marcia;Asciutto;Con buche;Orizzontale;Sereno;Normale;Buona;Sufficiente;1;0;0;0;;;-1;1;Motociclo a solo;In marcia / fermata / arresto;Conducente;F;Rimandato;0;NON DECEDUTO;Utilizzato;Inesistente
1756931;19;26/02/2008 08:00;Strada Urbana;VIA MATTIA BATTISTINI;all'intersezione con;VIA TITTA RUFFO;VIA TITTA RUFFO;;;Scontro frontale/laterale DX fra veicoli in marcia;Incrocio;Una carreggiata a doppio senso;Asciutto;Asfaltata;Verticale ed orizzontale;Sereno;Normale;Buona;Ore Diurne;1;0;0;2;;;-1;1;Autovettura privata;In marcia / fermata / arresto;Conducente;F;Illeso;0;;Non accertato;Inesistente
1756931;19;26/02/2008 08:00;Strada Urbana;VIA MATTIA BATTISTINI;all'intersezione con;VIA TITTA RUFFO;VIA TITTA RUFFO;;;Scontro frontale/laterale DX fra veicoli in marcia;Incrocio;Una carreggiata a doppio senso;Asciutto;Asfaltata;Verticale ed orizzontale;Sereno;Normale;Buona;Ore Diurne;1;0;0;2;;;-1;1;Autovettura privata;In marcia / fermata / arresto;Passeggero;F;Illeso;0;;Non accertato;Inesistente
1756931;19;26/02/2008 08:00;Strada Urbana;VIA MATTIA BATTISTINI;all'intersezione con;VIA TITTA RUFFO;VIA TITTA RUFFO;;;Scontro frontale/laterale DX fra veicoli in marcia;Incrocio;Una carreggiata a doppio senso;Asciutto;Asfaltata;Verticale ed orizzontale;Sereno;Normale;Buona;Ore Diurne;1;0;0;2;;;-1;2;Motociclo a solo;In marcia / fermata / arresto;Conducente;F;Rimandato;0;NON DECEDUTO;Non accertato;Inesistente
1756932;19;26/02/2008 09:15;Strada Urbana;VIA TRIONFALE;in prossimità;;del civico n. ;6917;;Veicolo in marcia contro veicolo in sosta;Rettilineo;Una carreggiata a doppio senso;Asciutto;Asfaltata;Verticale ed orizzontale;Sereno;Normale;Buona;Ore Diurne;1;0;0;1;;;-1;2;Ciclomotore;In marcia / fermata / arresto;Conducente;F;Rimandato;0;NON DECEDUTO;Utilizzato;Inesistente
1756932;19;26/02/2008 09:15;Strada Urbana;VIA TRIONFALE;in prossimità;;del civico n. ;6917;;Veicolo in marcia contro veicolo in sosta;Rettilineo;Una carreggiata a doppio senso;Asciutto;Asfaltata;Verticale ed orizzontale;Sereno;Normale;Buona;Ore Diurne;1;0;0;1;;;-1;3;Autovettura privata;In marcia / fermata / arresto;Conducente;F;Illeso;0;;Utilizzato;Inesistente
1756933;19;26/02/2008 17:15;Strada Urbana;VIA TRIONFALE;in prossimità;;del civico n. ;8872;;Investimento di pedone;Rettilineo;Più di due carreggiate;Asciutto;Asfaltata;Orizzontale;Sereno;Intenso;Buona;Ore Diurne;1;0;0;1;;;-1;;;;Pedone;M;Ricoverato;0;NON DECEDUTO;;
1756933;19;26/02/2008 17:15;Strada Urbana;VIA TRIONFALE;in prossimità;;del civico n. ;8872;;Investimento di pedone;Rettilineo;Più di due carreggiate;Asciutto;Asfaltata;Orizzontale;Sereno;Intenso;Buona;Ore Diurne;1;0;0;1;;;-1;1;Motociclo a solo;In marcia / fermata / arresto;Conducente;M;Illeso;0;;Non accertato;Inesistente
1756934;19;26/02/2008 18:40;Strada Urbana;VIA GIUSEPPE MAZZATINTI;in prossimità;;del civico n. ;24;;Veicolo in marcia contro veicolo in sosta;Rettilineo;Una carreggiata a doppio senso;Asciutto;Asfaltata;Assente;Sereno;Normale;Buona;Sufficiente;0;0;0;1;;;-1;2;Autocarro inferiore 35 q.;In marcia / fermata / arresto;Conducente;M;Illeso;0;;Non accertato;Inesistente
1756935;19;27/02/2008 05:40;Strada Urbana;VIA DELL'ACQUEDOTTO PAOLO;in corrispondenza;;del civico n. ;63;;Tamponamento;Curva a visuale libera;Una carreggiata a senso unico di marcia;Bagnato (pioggia);Asfaltata;Verticale;Pioggia in atto;Scarso;Sufficiente;Sufficiente;0;0;0;2;;;-1;1;Autovettura privata;In marcia / fermata / arresto;Conducente;M;Illeso;0;;Utilizzato;Inesistente
1756935;19;27/02/2008 05:40;Strada Urbana;VIA DELL'ACQUEDOTTO PAOLO;in corrispondenza;;del civico n. ;63;;Tamponamento;Curva a visuale libera;Una carreggiata a senso unico di marcia;Bagnato (pioggia);Asfaltata;Verticale;Pioggia in atto;Scarso;Sufficiente;Sufficiente;0;0;0;2;;;-1;2;Autovettura privata;In marcia / fermata / arresto;Conducente;M;Illeso;0;;Utilizzato;Inesistente
1756936;19;27/02/2008 06:10;Strada Urbana;PIAZZA ALFONSO CAPECELATRO;all'intersezione con;VIA DOMENICO SVAMPA;VIA DOMENICO SVAMPA;;;Scontro laterale fra veicoli in marcia;Incrocio;Una carreggiata a senso unico di marcia;Asciutto;Asfaltata;Verticale ed orizzontale;Sereno;Normale;Buona;Sufficiente;0;0;0;2;;;-1;1;Autovettura privata;In marcia / fermata / arresto;Conducente;M;Illeso;0;;Non accertato;Inesistente
1756936;19;27/02/2008 06:10;Strada Urbana;PIAZZA ALFONSO CAPECELATRO;all'intersezione con;VIA DOMENICO SVAMPA;VIA DOMENICO SVAMPA;;;Scontro laterale fra veicoli in marcia;Incrocio;Una carreggiata a senso unico di marcia;Asciutto;Asfaltata;Verticale ed orizzontale;Sereno;Normale;Buona;Sufficiente;0;0;0;2;;;-1;2;Autovettura privata;In marcia / fermata / arresto;Conducente;M;Illeso;0;;Non accertato;Inesistente
1756937;19;27/02/2008 07:50;Strada Urbana;VIA CESARE CASTIGLIONI;da specificare;;;;prossimita' Via S. Vinci;Tamponamento Multiplo;Rettilineo;Una carreggiata a doppio senso;Bagnato (pioggia);Asfaltata;Orizzontale;Pioggia in atto;Intenso;Buona;Ore Diurne;0;0;0;3;;;-1;1;Autovettura privata;In marcia / fermata / arresto;Conducente;M;Illeso;0;;Non accertato;Inesistente
1756937;19;27/02/2008 07:50;Strada Urbana;VIA CESARE CASTIGLIONI;da specificare;;;;prossimita' Via S. Vinci;Tamponamento Multiplo;Rettilineo;Una carreggiata a doppio senso;Bagnato (pioggia);Asfaltata;Orizzontale;Pioggia in atto;Intenso;Buona;Ore Diurne;0;0;0;3;;;-1;2;Autovettura privata;In marcia / fermata / arresto;Conducente;M;Illeso;0;;Non accertato;Inesistente
1756937;19;27/02/2008 07:50;Strada Urbana;VIA CESARE CASTIGLIONI;da specificare;;;;prossimita' Via S. Vinci;Tamponamento Multiplo;Rettilineo;Una carreggiata a doppio senso;Bagnato (pioggia);Asfaltata;Orizzontale;Pioggia in atto;Intenso;Buona;Ore Diurne;0;0;0;3;;;-1;3;Autocarro inferiore 35 q.;In marcia / fermata / arresto;Conducente;M;Illeso;0;;Non accertato;Inesistente
1756938;19;27/02/2008 08:30;Strada Urbana;VIA GIOVANNI MARTINOTTI;da specificare;;;;area di parcheggio prox. V. Barellai;Veicolo in marcia contro ostacolo accidentale;Rettilineo;Una carreggiata a doppio senso;Bagnato (pioggia);Asfaltata;Verticale ed orizzontale;Pioggia in atto;Scarso;Buona;Ore Diurne;0;0;0;1;;;-1;1;Autovettura privata;In marcia / fermata / arresto;Conducente;M;Illeso;0;;Utilizzato;Inesistente
1756939;19;27/02/2008 09:20;Strada Urbana;VIA TRIONFALE;da specificare;;;;prossimita' via P.P. Pasolini;Scontro laterale fra veicoli in marcia;Rettilineo;Una carreggiata a doppio senso;Bagnato (pioggia);Asfaltata;Orizzontale;Pioggia in atto;Normale;Buona;Ore Diurne;0;0;0;2;;;-1;1;Autoveicolo trasp.promisc.;In marcia / fermata / arresto;Conducente;M;Illeso;0;;Non accertato;Inesistente
1756939;19;27/02/2008 09:20;Strada Urbana;VIA TRIONFALE;da specificare;;;;prossimita' via P.P. Pasolini;Scontro laterale fra veicoli in marcia;Rettilineo;Una carreggiata a doppio senso;Bagnato (pioggia);Asfaltata;Orizzontale;Pioggia in atto;Normale;Buona;Ore Diurne;0;0;0;2;;;-1;2;Motociclo a solo;In marcia / fermata / arresto;Conducente;M;Illeso;0;;Non accertato;Inesistente
1756940;19;27/02/2008 10:00;Strada Urbana;VIA DI VALLE AURELIA;in prossimità;;del palo luce n. ;36;;Fuoriuscita dalla sede stradale;Curva a visuale libera;Una carreggiata a doppio senso;Bagnato (umidità in atto);Asfaltata;Verticale ed orizzontale;Nuvoloso;Normale;Buona;Ore Diurne;0;0;0;2;;;-1;1;Autovettura privata;In marcia / fermata / arresto;Conducente;F;Illeso;0;;Utilizzato;Inesistente
1756940;19;27/02/2008 10:00;Strada Urbana;VIA DI VALLE AURELIA;in prossimità;;del palo luce n. ;36;;Fuoriuscita dalla sede stradale;Curva a visuale libera;Una carreggiata a doppio senso;Bagnato (umidità in atto);Asfaltata;Verticale ed orizzontale;Nuvoloso;Normale;Buona;Ore Diurne;0;0;0;2;;;-1;1;Autovettura privata;In marcia / fermata / arresto;Passeggero;F;Illeso;0;;Non accertato;Inesistente
1756941;19;27/02/2008 12:00;Strada Urbana;VIA VENANZIO FORTUNATO;in corrispondenza;;del civico n. ;69;;Veicolo in marcia contro ostacolo accidentale;Rettilineo;Una carreggiata a doppio senso;Bagnato (umidità in atto);Asfaltata;Assente;Nuvoloso;Scarso;Buona;Ore Diurne;0;0;0;1;;;-1;1;Autocarro inferiore 35 q.;In marcia / fermata / arresto;Conducente;M;Illeso;0;;Utilizzato;Inesistente
1756942;19;27/02/2008 13:10;Strada Urbana;LARGO ARTURO DONAGGIO;all'intersezione con;VIA PIETRO GASPARRI;VIA PIETRO GASPARRI;;;Investimento di pedone;Incrocio;Una carreggiata a senso unico di marcia;Bagnato (pioggia);Asfaltata;Verticale ed orizzontale;Pioggia in atto;Normale;Sufficiente;Ore Diurne;1;0;0;1;;;-1;;;;Pedone;F;Rimandato;0;NON DECEDUTO;;
1756942;19;27/02/2008 13:10;Strada Urbana;LARGO ARTURO DONAGGIO;all'intersezione con;VIA PIETRO GASPARRI;VIA PIETRO GASPARRI;;;Investimento di pedone;Incrocio;Una carreggiata a senso unico di marcia;Bagnato (pioggia);Asfaltata;Verticale ed orizzontale;Pioggia in atto;Normale;Sufficiente;Ore Diurne;1;0;0;1;;;-1;1;Autovettura privata;In marcia / fermata / arresto;Conducente;F;Illeso;0;;Non accertato;Inesistente
1756943;19;27/02/2008 19:55;Strada Urbana;VIA AUGUSTO TAMBURINI;all'intersezione con;VIA EZIO SCIAMANNA;VIA EZIO SCIAMANNA;;;Scontro frontale/laterale DX fra veicoli in marcia;Incrocio;Una carreggiata a senso unico di marcia;Bagnato (pioggia);Asfaltata;Verticale;Pioggia in atto;Scarso;Sufficiente;Sufficiente;1;0;0;1;;;-1;1;Autovettura privata;In marcia / fermata / arresto;Conducente;M;Illeso;0;;Utilizzato;Inesistente
1756943;19;27/02/2008 19:55;Strada Urbana;VIA AUGUSTO TAMBURINI;all'intersezione con;VIA EZIO SCIAMANNA;VIA EZIO SCIAMANNA;;;Scontro frontale/laterale DX fra veicoli in marcia;Incrocio;Una carreggiata a senso unico di marcia;Bagnato (pioggia);Asfaltata;Verticale;Pioggia in atto;Scarso;Sufficiente;Sufficiente;1;0;0;1;;;-1;2;Autovettura privata;In marcia / fermata / arresto;Conducente;M;Rimandato;0;NON DECEDUTO;Utilizzato;Inesistente
1756944;19;27/02/2008 21:15;Strada Urbana;VIA TRIONFALE;in prossimità;;del civico n. ;9612;;Scontro frontale fra veicoli in marcia;Rettilineo;Una carreggiata a doppio senso;Bagnato (pioggia);Asfaltata;Verticale ed orizzontale;Pioggia in atto;Scarso;Buona;Sufficiente;1;0;0;2;;;-1;1;Autovettura privata;In marcia / fermata / arresto;Conducente;M;Illeso;0;;Utilizzato;Inesistente
1756944;19;27/02/2008 21:15;Strada Urbana;VIA TRIONFALE;in prossimità;;del civico n. ;9612;;Scontro frontale fra veicoli in marcia;Rettilineo;Una carreggiata a doppio senso;Bagnato (pioggia);Asfaltata;Verticale ed orizzontale;Pioggia in atto;Scarso;Buona;Sufficiente;1;0;0;2;;;-1;1;Autovettura privata;In marcia / fermata / arresto;Passeggero;M;Illeso;0;;Utilizzato;Inesistente
1756944;19;27/02/2008 21:15;Strada Urbana;VIA TRIONFALE;in prossimità;;del civico n. ;9612;;Scontro frontale fra veicoli in marcia;Rettilineo;Una carreggiata a doppio senso;Bagnato (pioggia);Asfaltata;Verticale ed orizzontale;Pioggia in atto;Scarso;Buona;Sufficiente;1;0;0;2;;;-1;2;Motociclo a solo;In marcia / fermata / arresto;Conducente;F;Rimandato;0;NON DECEDUTO;Utilizzato;Inesistente
1756945;19;27/02/2008 22:30;Strada Urbana;VIA DELL'ACQUEDOTTO PAOLO;in corrispondenza;;del civico n. ;155;;Scontro frontale/laterale DX fra veicoli in marcia;Rettilineo;Una carreggiata a doppio senso;Bagnato (pioggia);Asfaltata;Verticale ed orizzontale;Pioggia in atto;Scarso;Sufficiente;Sufficiente;0;0;0;2;;;-1;1;Autovettura privata;In marcia / fermata / arresto;Conducente;M;Illeso;0;;Utilizzato;Inesistente
1756945;19;27/02/2008 22:30;Strada Urbana;VIA DELL'ACQUEDOTTO PAOLO;in corrispondenza;;del civico n. ;155;;Scontro frontale/laterale DX fra veicoli in marcia;Rettilineo;Una carreggiata a doppio senso;Bagnato (pioggia);Asfaltata;Verticale ed orizzontale;Pioggia in atto;Scarso;Sufficiente;Sufficiente;0;0;0;2;;;-1;2;Motociclo a solo;In marcia / fermata / arresto;Conducente;M;Illeso;0;;Non accertato;Inesistente
1756946;19;28/02/2008 08:00;Strada Urbana;VIA PASQUALE II;in corrispondenza;;del civico n. ;228;;Infortunio per caduta del veicolo;Curva senza visuale libera;Una carreggiata a doppio senso;Asciutto;Asfaltata;Assente;Nuvoloso;Normale;Buona;Ore Diurne;1;0;0;2;;;-1;1;Motociclo a solo;In marcia / fermata / arresto;Conducente;M;Rimandato;0;NON DECEDUTO;Non accertato;Inesistente
1756946;19;28/02/2008 08:00;Strada Urbana;VIA PASQUALE II;in corrispondenza;;del civico n. ;228;;Infortunio per caduta del veicolo;Curva senza visuale libera;Una carreggiata a doppio senso;Asciutto;Asfaltata;Assente;Nuvoloso;Normale;Buona;Ore Diurne;1;0;0;2;;;-1;2;Autovettura privata;In marcia / fermata / arresto;Conducente;M;Illeso;0;;Non accertato;Inesistente
1756946;19;28/02/2008 08:00;Strada Urbana;VIA PASQUALE II;in corrispondenza;;del civico n. ;228;;Infortunio per caduta del veicolo;Curva senza visuale libera;Una carreggiata a doppio senso;Asciutto;Asfaltata;Assente;Nuvoloso;Normale;Buona;Ore Diurne;1;0;0;2;;;-1;2;Autovettura privata;In marcia / fermata / arresto;Passeggero;M;Illeso;0;;Non accertato;Inesistente
1756947;19;28/02/2008 14:10;Strada Urbana;GALLERIA GIOVANNI XXIII;da specificare;;;;rampa di accesso da Via Pieve di Cadore;Veicolo in marcia contro veicolo fermo;Curva a visuale libera;Una carreggiata a senso unico di marcia;Viscido da liquidi oleosi;Asfaltata;Orizzontale;Sereno;Normale;Buona;Ore Diurne;0;0;0;1;;;-1;1;Autocarro inferiore 35 q.;In marcia / fermata / arresto;Conducente;M;Illeso;0;;Non accertato;Inesistente
1756948;19;28/02/2008 15:20;Strada Urbana;VIA TRIONFALE;all'intersezione con;VIA FRANCESCO DURANTE;VIA FRANCESCO DURANTE;;;Veicolo in marcia contro ostacolo fisso;Incrocio;Una carreggiata a senso unico di marcia;Asciutto;Asfaltata;Verticale;Sereno;Normale;Buona;Ore Diurne;1;0;0;0;;;-1;1;Autovettura privata;In marcia / fermata / arresto;Conducente;M;Rimandato;0;NON DECEDUTO;Non accertato;Inesistente
1756949;19;28/02/2008 16:00;Strada Urbana;VIA DELLA BALDUINA;in prossimità;;del civico n. ;293;;Veicolo in marcia contro ostacolo accidentale;Rettilineo;Una carreggiata a doppio senso;Asciutto;Asfaltata;Orizzontale;Sereno;Scarso;Buona;Ore Diurne;0;0;0;1;;;-1;1;Autovettura privata;In marcia / fermata / arresto;Conducente;F;Illeso;0;;Utilizzato;Inesistente